{"cameraMode":{"drawMode":0,"name":"Shaded","section":"Shading Mode"},"sceneLighting":true,"audioPlay":false,"sceneViewState":{"showFog":true,"showMaterialUpdate":false,"showSkybox":false,"showFlares":true,"showImageEffects":true,"showParticleSystems":true},"in2DMode":false,"pivot":{"x":0.013999700546264649,"y":4.8526225090026859,"z":-0.005499124526977539},"rotation":{"x":0.4153735041618347,"y":0.09387125074863434,"z":-0.043143950402736667,"w":0.9037685394287109},"size":31.205188751220704,"orthographic":false}