{"cameraMode":{"drawMode":0,"name":"Shaded","section":"Shading Mode"},"sceneLighting":true,"audioPlay":false,"sceneViewState":{"showFog":true,"showMaterialUpdate":false,"showSkybox":false,"showFlares":true,"showImageEffects":true,"showParticleSystems":true},"in2DMode":false,"pivot":{"x":-0.12000036239624024,"y":4.8526225090026859,"z":-2.384185791015625e-7},"rotation":{"x":0.4153735041618347,"y":0.09387125074863434,"z":-0.043143950402736667,"w":0.9037685394287109},"size":30.384193420410158,"orthographic":false}