{"cameraMode":{"drawMode":0,"name":"Shaded","section":"Shading Mode"},"sceneLighting":true,"audioPlay":false,"sceneViewState":{"showFog":true,"showMaterialUpdate":false,"showSkybox":false,"showFlares":true,"showImageEffects":true,"showParticleSystems":true},"in2DMode":false,"pivot":{"x":0.32951265573501589,"y":4.070496082305908,"z":-1.5734567642211915},"rotation":{"x":0.2940014898777008,"y":0.04871479049324989,"z":-0.01500617153942585,"w":0.9544482827186585},"size":13.09138298034668,"orthographic":false}