{"cameraMode":{"drawMode":0,"name":"Shaded","section":"Shading Mode"},"sceneLighting":true,"audioPlay":false,"sceneViewState":{"showFog":true,"showMaterialUpdate":false,"showSkybox":false,"showFlares":true,"showImageEffects":true,"showParticleSystems":true},"in2DMode":false,"pivot":{"x":0.013999700546264649,"y":4.8526225090026859,"z":-0.005499124526977539},"rotation":{"x":0.4828088879585266,"y":0.035444386303424838,"z":-0.019562769681215287,"w":0.8747938275337219},"size":31.205188751220704,"orthographic":false}