{"cameraMode":{"drawMode":0,"name":"Shaded","section":"Shading Mode"},"sceneLighting":true,"audioPlay":false,"sceneViewState":{"showFog":true,"showMaterialUpdate":false,"showSkybox":false,"showFlares":true,"showImageEffects":true,"showParticleSystems":true},"in2DMode":false,"pivot":{"x":2.2740797996520998,"y":1.5607795715332032,"z":3.4050865173339845},"rotation":{"x":0.32574281096458437,"y":0.00850472878664732,"z":-0.002930721966549754,"w":0.9454189538955689},"size":19.12284278869629,"orthographic":false}