{"cameraMode":{"drawMode":0,"name":"Shaded","section":"Shading Mode"},"sceneLighting":true,"audioPlay":false,"sceneViewState":{"showFog":true,"showMaterialUpdate":false,"showSkybox":false,"showFlares":true,"showImageEffects":true,"showParticleSystems":true},"in2DMode":false,"pivot":{"x":0.9604501128196716,"y":5.197561264038086,"z":2.6530494689941408},"rotation":{"x":0.4828088879585266,"y":0.035444386303424838,"z":-0.019562769681215287,"w":0.8747938275337219},"size":27.371397018432618,"orthographic":false}