{"cameraMode":{"drawMode":0,"name":"Shaded","section":"Shading Mode"},"sceneLighting":true,"audioPlay":false,"sceneViewState":{"showFog":true,"showMaterialUpdate":false,"showSkybox":false,"showFlares":true,"showImageEffects":true,"showParticleSystems":true},"in2DMode":false,"pivot":{"x":0.105338454246521,"y":2.759280204772949,"z":3.6007518768310549},"rotation":{"x":0.2827545404434204,"y":0.030204009264707567,"z":-0.008908861316740513,"w":0.9586794972419739},"size":20.78969383239746,"orthographic":false}