{"cameraMode":{"drawMode":0,"name":"Shaded","section":"Shading Mode"},"sceneLighting":false,"audioPlay":false,"sceneViewState":{"showFog":true,"showMaterialUpdate":false,"showSkybox":false,"showFlares":true,"showImageEffects":true,"showParticleSystems":true},"in2DMode":false,"pivot":{"x":0.452772855758667,"y":4.919225215911865,"z":0.0479578971862793},"rotation":{"x":0.368276447057724,"y":-0.11806544661521912,"z":0.047211356461048129,"w":0.9209800958633423},"size":16.291221618652345,"orthographic":true}