{"cameraMode":{"drawMode":0,"name":"Shaded","section":"Shading Mode"},"sceneLighting":true,"audioPlay":false,"sceneViewState":{"showFog":true,"showMaterialUpdate":false,"showSkybox":true,"showFlares":true,"showImageEffects":true,"showParticleSystems":true},"in2DMode":false,"pivot":{"x":15.169538497924805,"y":1.0850000381469727,"z":71.97661590576172},"rotation":{"x":-0.09819335490465164,"y":-0.8859724402427673,"z":0.3966054320335388,"w":-0.21935291588306428},"size":20.17230224609375,"orthographic":false}