{"cameraMode":{"drawMode":0,"name":"Shaded","section":"Shading Mode"},"sceneLighting":false,"audioPlay":false,"sceneViewState":{"showFog":true,"showMaterialUpdate":false,"showSkybox":false,"showFlares":true,"showImageEffects":true,"showParticleSystems":true},"in2DMode":false,"pivot":{"x":-0.17667506635189057,"y":2.032764196395874,"z":-0.47060123085975649},"rotation":{"x":-0.20395222306251527,"y":0.48718389868736269,"z":-0.11810240894556046,"w":-0.8410032391548157},"size":0.04799771308898926,"orthographic":false}