{"cameraMode":{"drawMode":0,"name":"Shaded","section":"Shading Mode"},"sceneLighting":false,"audioPlay":false,"sceneViewState":{"showFog":true,"showMaterialUpdate":false,"showSkybox":false,"showFlares":true,"showImageEffects":true,"showParticleSystems":true},"in2DMode":false,"pivot":{"x":0.27964019775390627,"y":0.08403444290161133,"z":-9.143413543701172},"rotation":{"x":-0.005767014808952808,"y":-0.9889943599700928,"z":0.14280052483081819,"w":-0.040421102195978168},"size":15.961563110351563,"orthographic":false}