{"cameraMode":{"drawMode":0,"name":"Shaded","section":"Shading Mode"},"sceneLighting":false,"audioPlay":false,"sceneViewState":{"showFog":true,"showMaterialUpdate":false,"showSkybox":false,"showFlares":true,"showImageEffects":true,"showParticleSystems":true},"in2DMode":false,"pivot":{"x":-0.0023532509803771974,"y":0.43761616945266726,"z":0.18345238268375398},"rotation":{"x":0.05344484746456146,"y":0.9464614391326904,"z":-0.21811634302139283,"w":0.2319125235080719},"size":3.902682065963745,"orthographic":false}