{"cameraMode":{"drawMode":0,"name":"Shaded","section":"Shading Mode"},"sceneLighting":true,"audioPlay":false,"sceneViewState":{"showFog":true,"showMaterialUpdate":false,"showSkybox":false,"showFlares":true,"showImageEffects":true,"showParticleSystems":true},"in2DMode":false,"pivot":{"x":0.452772855758667,"y":4.919225215911865,"z":0.0479578971862793},"rotation":{"x":0.28001755475997927,"y":-0.0000025467670639045538,"z":0.000011326238563924562,"w":0.960005521774292},"size":29.64215660095215,"orthographic":false}