{"cameraMode":{"drawMode":0,"name":"Shaded","section":"Shading Mode"},"sceneLighting":false,"audioPlay":false,"sceneViewState":{"showFog":true,"showMaterialUpdate":false,"showSkybox":false,"showFlares":true,"showImageEffects":true,"showParticleSystems":true},"in2DMode":false,"pivot":{"x":-2.03794527053833,"y":-1.2934150695800782,"z":4.784321308135986},"rotation":{"x":-0.2777196764945984,"y":0.25136831402778628,"z":-0.07547774910926819,"w":-0.924209713935852},"size":16.57269859313965,"orthographic":false}