{"cameraMode":{"drawMode":0,"name":"Shaded","section":"Shading Mode"},"sceneLighting":true,"audioPlay":false,"sceneViewState":{"showFog":true,"showMaterialUpdate":false,"showSkybox":true,"showFlares":true,"showImageEffects":true,"showParticleSystems":true},"in2DMode":false,"pivot":{"x":59.17440414428711,"y":-10.384613037109375,"z":48.848114013671878},"rotation":{"x":0.584450364112854,"y":0.009991507977247239,"z":-0.007076851557940245,"w":0.8117749691009522},"size":71.4594955444336,"orthographic":false}