{"cameraMode":{"drawMode":0,"name":"Shaded","section":"Shading Mode"},"sceneLighting":false,"audioPlay":false,"sceneViewState":{"showFog":true,"showMaterialUpdate":false,"showSkybox":false,"showFlares":true,"showImageEffects":true,"showParticleSystems":true},"in2DMode":false,"pivot":{"x":-0.12000036239624024,"y":4.8526225090026859,"z":0.0},"rotation":{"x":0.6066281795501709,"y":-0.01192355714738369,"z":0.009100106544792652,"w":0.7948440909385681},"size":16.69904136657715,"orthographic":true}