{"cameraMode":{"drawMode":0,"name":"Shaded","section":"Shading Mode"},"sceneLighting":true,"audioPlay":false,"sceneViewState":{"showFog":true,"showMaterialUpdate":false,"showSkybox":false,"showFlares":true,"showImageEffects":true,"showParticleSystems":true},"in2DMode":false,"pivot":{"x":0.15438832342624665,"y":0.5223511457443237,"z":-0.7716773152351379},"rotation":{"x":0.01335893664509058,"y":0.9864565134048462,"z":-0.10545622557401657,"w":0.12495534867048264},"size":1.5420777797698975,"orthographic":false}