{"cameraMode":{"drawMode":0,"name":"Shaded","section":"Shading Mode"},"sceneLighting":false,"audioPlay":false,"sceneViewState":{"showFog":true,"showMaterialUpdate":false,"showSkybox":false,"showFlares":true,"showImageEffects":true,"showParticleSystems":true},"in2DMode":false,"pivot":{"x":-0.0000011920928955078126,"y":1.3999983072280884,"z":0.0000017881393432617188},"rotation":{"x":0.003225076710805297,"y":0.8587750792503357,"z":-0.5123251080513,"w":0.005406088661402464},"size":6.566740036010742,"orthographic":true}