{"cameraMode":{"drawMode":0,"name":"Shaded","section":"Shading Mode"},"sceneLighting":true,"audioPlay":false,"sceneViewState":{"showFog":true,"showMaterialUpdate":false,"showSkybox":false,"showFlares":true,"showImageEffects":true,"showParticleSystems":true},"in2DMode":false,"pivot":{"x":12.839744567871094,"y":-5.204041004180908,"z":2.9087934494018556},"rotation":{"x":0.13664992153644563,"y":0.6253527998924255,"z":-0.11243786662817002,"w":0.7600146532058716},"size":28.25792694091797,"orthographic":false}