{"cameraMode":{"drawMode":0,"name":"Shaded","section":"Shading Mode"},"sceneLighting":true,"audioPlay":false,"sceneViewState":{"showFog":true,"showMaterialUpdate":false,"showSkybox":false,"showFlares":true,"showImageEffects":true,"showParticleSystems":true},"in2DMode":false,"pivot":{"x":1.1639862060546876,"y":0.5732421875,"z":0.4697265625},"rotation":{"x":0.2312830686569214,"y":0.0043779416009783749,"z":-0.0010408221278339625,"w":0.9728781580924988},"size":11.059491157531739,"orthographic":true}