{"cameraMode":{"drawMode":0,"name":"Shaded","section":"Shading Mode"},"sceneLighting":false,"audioPlay":false,"sceneViewState":{"showFog":true,"showMaterialUpdate":false,"showSkybox":false,"showFlares":true,"showImageEffects":true,"showParticleSystems":true},"in2DMode":false,"pivot":{"x":3.5115134716033937,"y":0.22829627990722657,"z":3.01157808303833},"rotation":{"x":0.44654208421707156,"y":-0.21263492107391358,"z":0.11014749854803086,"w":0.862151563167572},"size":14.406536102294922,"orthographic":false}