{"cameraMode":{"drawMode":0,"name":"Shaded","section":"Shading Mode"},"sceneLighting":true,"audioPlay":false,"sceneViewState":{"showFog":true,"showMaterialUpdate":false,"showSkybox":false,"showFlares":true,"showImageEffects":true,"showParticleSystems":true},"in2DMode":false,"pivot":{"x":-0.48787736892700198,"y":1.415191650390625,"z":-2.297269821166992},"rotation":{"x":0.2811872661113739,"y":0.1904134899377823,"z":-0.05702557787299156,"w":0.9388471245765686},"size":11.781356811523438,"orthographic":false}