{"cameraMode":{"drawMode":0,"name":"Shaded","section":"Shading Mode"},"sceneLighting":true,"audioPlay":false,"sceneViewState":{"showFog":true,"showMaterialUpdate":false,"showSkybox":false,"showFlares":true,"showImageEffects":true,"showParticleSystems":true},"in2DMode":false,"pivot":{"x":-0.21761935949325562,"y":3.130653142929077,"z":0.5381633043289185},"rotation":{"x":-0.019013192504644395,"y":-0.32398930191993716,"z":-0.006522865500301123,"w":0.9458743333816528},"size":1.2273297309875489,"orthographic":false}