{"cameraMode":{"drawMode":0,"name":"Shaded","section":"Shading Mode"},"sceneLighting":true,"audioPlay":false,"sceneViewState":{"showFog":true,"showMaterialUpdate":false,"showSkybox":false,"showFlares":true,"showImageEffects":true,"showParticleSystems":true},"in2DMode":false,"pivot":{"x":-0.5344300270080566,"y":3.751906394958496,"z":1.3273391723632813},"rotation":{"x":0.1178516075015068,"y":0.18797901272773744,"z":-0.02271457202732563,"w":0.974822998046875},"size":14.757025718688965,"orthographic":false}