{"cameraMode":{"drawMode":0,"name":"Shaded","section":"Shading Mode"},"sceneLighting":false,"audioPlay":false,"sceneViewState":{"showFog":true,"showMaterialUpdate":false,"showSkybox":false,"showFlares":true,"showImageEffects":true,"showParticleSystems":true},"in2DMode":false,"pivot":{"x":3.9556620121002199,"y":1.0207691192626954,"z":7.832218170166016},"rotation":{"x":0.511698842048645,"y":-0.017669424414634706,"z":0.012141909450292588,"w":0.8595500588417053},"size":17.031557083129884,"orthographic":false}