{"cameraMode":{"drawMode":0,"name":"Shaded","section":"Shading Mode"},"sceneLighting":true,"audioPlay":false,"sceneViewState":{"showFog":true,"showMaterialUpdate":false,"showSkybox":true,"showFlares":true,"showImageEffects":true,"showParticleSystems":true},"in2DMode":false,"pivot":{"x":-18.633085250854493,"y":10.011163711547852,"z":-12.293662071228028},"rotation":{"x":0.04423496872186661,"y":-0.6929537653923035,"z":0.0426703542470932,"w":0.7183598279953003},"size":48.64211654663086,"orthographic":false}