{"cameraMode":{"drawMode":0,"name":"Shaded","section":"Shading Mode"},"sceneLighting":false,"audioPlay":false,"sceneViewState":{"showFog":true,"showMaterialUpdate":false,"showSkybox":false,"showFlares":true,"showImageEffects":true,"showParticleSystems":true},"in2DMode":false,"pivot":{"x":0.4416005611419678,"y":0.4564201831817627,"z":1.355424404144287},"rotation":{"x":0.2644617259502411,"y":-0.20210424065589906,"z":0.056781988590955737,"w":0.9412850737571716},"size":6.645235538482666,"orthographic":false}