{"cameraMode":{"drawMode":0,"name":"Shaded","section":"Shading Mode"},"sceneLighting":true,"audioPlay":false,"sceneViewState":{"showFog":true,"showMaterialUpdate":false,"showSkybox":true,"showFlares":true,"showImageEffects":true,"showParticleSystems":true},"in2DMode":false,"pivot":{"x":57.16286087036133,"y":0.875,"z":42.104496002197269},"rotation":{"x":0.20538309216499329,"y":0.2704388499259949,"z":-0.059169985353946689,"w":0.9387117624282837},"size":57.5118293762207,"orthographic":true}