{"cameraMode":{"drawMode":0,"name":"Shaded","section":"Shading Mode"},"sceneLighting":false,"audioPlay":false,"sceneViewState":{"showFog":true,"showMaterialUpdate":false,"showSkybox":false,"showFlares":true,"showImageEffects":true,"showParticleSystems":true},"in2DMode":false,"pivot":{"x":-5.199597358703613,"y":-1.7628655433654786,"z":9.601877212524414},"rotation":{"x":0.23840411007404328,"y":-0.5041326880455017,"z":0.14662498235702516,"w":0.8177530765533447},"size":15.209148406982422,"orthographic":false}