{"cameraMode":{"drawMode":0,"name":"Shaded","section":"Shading Mode"},"sceneLighting":false,"audioPlay":false,"sceneViewState":{"showFog":true,"showMaterialUpdate":false,"showSkybox":false,"showFlares":true,"showImageEffects":true,"showParticleSystems":true},"in2DMode":false,"pivot":{"x":0.7161960005760193,"y":2.08984375,"z":0.2317410260438919},"rotation":{"x":0.3265981078147888,"y":-0.11725936830043793,"z":0.04087335988879204,"w":0.9369728565216065},"size":14.150209426879883,"orthographic":true}