{"cameraMode":{"drawMode":0,"name":"Shaded","section":"Shading Mode"},"sceneLighting":false,"audioPlay":false,"sceneViewState":{"showFog":true,"showMaterialUpdate":false,"showSkybox":false,"showFlares":true,"showImageEffects":true,"showParticleSystems":true},"in2DMode":false,"pivot":{"x":0.18994140625,"y":0.853515625,"z":-0.07266998291015625},"rotation":{"x":-0.2006283402442932,"y":0.77912437915802,"z":-0.30820485949516299,"w":-0.5081281661987305},"size":8.79222583770752,"orthographic":true}