{"cameraMode":{"drawMode":0,"name":"Shaded","section":"Shading Mode"},"sceneLighting":false,"audioPlay":false,"sceneViewState":{"showFog":true,"showMaterialUpdate":false,"showSkybox":false,"showFlares":true,"showImageEffects":true,"showParticleSystems":true},"in2DMode":false,"pivot":{"x":2.943603515625,"y":3.298828125,"z":5.505859375},"rotation":{"x":0.45422521233558657,"y":-0.12224718183279038,"z":0.06308337301015854,"w":0.8802093863487244},"size":12.941481590270996,"orthographic":true}