{"cameraMode":{"drawMode":0,"name":"Shaded","section":"Shading Mode"},"sceneLighting":true,"audioPlay":false,"sceneViewState":{"showFog":true,"showMaterialUpdate":false,"showSkybox":false,"showFlares":true,"showImageEffects":true,"showParticleSystems":true},"in2DMode":false,"pivot":{"x":2.778456926345825,"y":5.560546875,"z":0.37012979388237},"rotation":{"x":0.30860334634780886,"y":-0.2957055866718292,"z":0.10158330202102661,"w":0.8983336091041565},"size":13.460491180419922,"orthographic":true}