{"cameraMode":{"drawMode":0,"name":"Shaded","section":"Shading Mode"},"sceneLighting":true,"audioPlay":false,"sceneViewState":{"showFog":true,"showMaterialUpdate":false,"showSkybox":false,"showFlares":true,"showImageEffects":true,"showParticleSystems":true},"in2DMode":false,"pivot":{"x":-2.4658806324005129,"y":2.3062479496002199,"z":-0.4077925682067871},"rotation":{"x":0.027166146785020829,"y":-0.38142120838165285,"z":0.011226491071283818,"w":0.9239572882652283},"size":0.10523509979248047,"orthographic":false}