{"cameraMode":{"drawMode":0,"name":"Shaded","section":"Shading Mode"},"sceneLighting":true,"audioPlay":false,"sceneViewState":{"showFog":true,"showMaterialUpdate":false,"showSkybox":false,"showFlares":true,"showImageEffects":true,"showParticleSystems":true},"in2DMode":false,"pivot":{"x":0.796710729598999,"y":3.070739269256592,"z":-2.875971794128418},"rotation":{"x":0.17387935519218446,"y":0.03839442506432533,"z":-0.006776249501854181,"w":0.9840160012245178},"size":10.652024269104004,"orthographic":false}