{"cameraMode":{"drawMode":0,"name":"Shaded","section":"Shading Mode"},"sceneLighting":false,"audioPlay":false,"sceneViewState":{"showFog":true,"showMaterialUpdate":false,"showSkybox":false,"showFlares":true,"showImageEffects":true,"showParticleSystems":true},"in2DMode":false,"pivot":{"x":0.8655024766921997,"y":2.711897850036621,"z":-0.07010269165039063},"rotation":{"x":-0.03898345306515694,"y":-0.01826041005551815,"z":0.0007548066205345094,"w":-0.9991093277931213},"size":8.558600425720215,"orthographic":false}