{"cameraMode":{"drawMode":0,"name":"Shaded","section":"Shading Mode"},"sceneLighting":false,"audioPlay":false,"sceneViewState":{"showFog":true,"showMaterialUpdate":false,"showSkybox":false,"showFlares":true,"showImageEffects":true,"showParticleSystems":true},"in2DMode":false,"pivot":{"x":0.0000012218952178955079,"y":1.9499306678771973,"z":0.000003814697265625},"rotation":{"x":0.018230203539133073,"y":-0.9457653760910034,"z":0.320139616727829,"w":0.053622614592313769},"size":2.04841685295105,"orthographic":false}