{"cameraMode":{"drawMode":0,"name":"Shaded","section":"Shading Mode"},"sceneLighting":true,"audioPlay":false,"sceneViewState":{"showFog":true,"showMaterialUpdate":false,"showSkybox":false,"showFlares":true,"showImageEffects":true,"showParticleSystems":true},"in2DMode":false,"pivot":{"x":-0.8648667335510254,"y":2.310925006866455,"z":1.3403568267822266},"rotation":{"x":-0.09036493301391602,"y":-0.9095678329467773,"z":0.2927621603012085,"w":-0.28075316548347475},"size":13.556307792663575,"orthographic":false}