{"cameraMode":{"drawMode":0,"name":"Shaded","section":"Shading Mode"},"sceneLighting":true,"audioPlay":false,"sceneViewState":{"showFog":true,"showMaterialUpdate":false,"showSkybox":false,"showFlares":true,"showImageEffects":true,"showParticleSystems":true},"in2DMode":false,"pivot":{"x":1.0030345916748047,"y":1.4000000953674317,"z":1.999997854232788},"rotation":{"x":0.1394597887992859,"y":-0.8442332744598389,"z":0.26476097106933596,"w":0.44467535614967348},"size":8.70220947265625,"orthographic":true}