{"cameraMode":{"drawMode":0,"name":"Shaded","section":"Shading Mode"},"sceneLighting":false,"audioPlay":false,"sceneViewState":{"showFog":true,"showMaterialUpdate":false,"showSkybox":false,"showFlares":true,"showImageEffects":true,"showParticleSystems":true},"in2DMode":false,"pivot":{"x":1.0030345916748047,"y":1.4000000953674317,"z":1.999997854232788},"rotation":{"x":0.48618772625923159,"y":-0.1429155319929123,"z":0.08095686137676239,"w":0.8582795262336731},"size":8.310609817504883,"orthographic":true}