{"cameraMode":{"drawMode":0,"name":"Shaded","section":"Shading Mode"},"sceneLighting":false,"audioPlay":false,"sceneViewState":{"showFog":true,"showMaterialUpdate":false,"showSkybox":false,"showFlares":true,"showImageEffects":true,"showParticleSystems":true},"in2DMode":false,"pivot":{"x":5.74609899520874,"y":-12.69874382019043,"z":28.831205368041993},"rotation":{"x":0.39165371656417849,"y":-0.08812122792005539,"z":0.0377146415412426,"w":0.9151079058647156},"size":42.98472595214844,"orthographic":false}