{"cameraMode":{"drawMode":0,"name":"Shaded","section":"Shading Mode"},"sceneLighting":false,"audioPlay":false,"sceneViewState":{"showFog":true,"showMaterialUpdate":false,"showSkybox":false,"showFlares":true,"showImageEffects":true,"showParticleSystems":true},"in2DMode":false,"pivot":{"x":-0.27827295660972597,"y":-0.5002498626708984,"z":-2.550873279571533},"rotation":{"x":0.0039627752266824249,"y":-0.9462448954582214,"z":0.32347235083580019,"w":0.011302539147436619},"size":8.604820251464844,"orthographic":false}