{"cameraMode":{"drawMode":0,"name":"Shaded","section":"Shading Mode"},"sceneLighting":false,"audioPlay":false,"sceneViewState":{"showFog":true,"showMaterialUpdate":false,"showSkybox":false,"showFlares":true,"showImageEffects":true,"showParticleSystems":true},"in2DMode":false,"pivot":{"x":3.62200927734375,"y":3.03515625,"z":4.53271484375},"rotation":{"x":0.3927340507507324,"y":-0.09492246061563492,"z":0.040793389081954959,"w":0.9138379096984863},"size":11.084938049316407,"orthographic":true}