{"cameraMode":{"drawMode":0,"name":"Shaded","section":"Shading Mode"},"sceneLighting":false,"audioPlay":false,"sceneViewState":{"showFog":true,"showMaterialUpdate":false,"showSkybox":false,"showFlares":true,"showImageEffects":true,"showParticleSystems":true},"in2DMode":false,"pivot":{"x":1.5968810319900513,"y":-3.9317359924316408,"z":-9.33016300201416},"rotation":{"x":0.00034588438575156033,"y":-0.9226126074790955,"z":0.38573288917541506,"w":0.0008290513069368899},"size":18.485580444335939,"orthographic":false}