{"cameraMode":{"drawMode":0,"name":"Shaded","section":"Shading Mode"},"sceneLighting":true,"audioPlay":false,"sceneViewState":{"showFog":true,"showMaterialUpdate":false,"showSkybox":false,"showFlares":true,"showImageEffects":true,"showParticleSystems":true},"in2DMode":false,"pivot":{"x":0.8442658185958862,"y":0.8118277192115784,"z":-1.5333062410354615},"rotation":{"x":-0.025426670908927919,"y":0.9564871191978455,"z":0.08776380121707916,"w":0.2771141529083252},"size":3.078833818435669,"orthographic":false}