{"cameraMode":{"drawMode":0,"name":"Shaded","section":"Shading Mode"},"sceneLighting":true,"audioPlay":false,"sceneViewState":{"showFog":true,"showMaterialUpdate":false,"showSkybox":false,"showFlares":true,"showImageEffects":true,"showParticleSystems":true},"in2DMode":false,"pivot":{"x":-0.4867646098136902,"y":5.057767868041992,"z":-2.048583507537842},"rotation":{"x":0.17387935519218446,"y":0.03839442506432533,"z":-0.006776249501854181,"w":0.9840160012245178},"size":7.182339668273926,"orthographic":false}