{"cameraMode":{"drawMode":0,"name":"Shaded","section":"Shading Mode"},"sceneLighting":true,"audioPlay":false,"sceneViewState":{"showFog":true,"showMaterialUpdate":false,"showSkybox":false,"showFlares":true,"showImageEffects":true,"showParticleSystems":true},"in2DMode":false,"pivot":{"x":0.4311826229095459,"y":5.451443195343018,"z":-3.6542584896087648},"rotation":{"x":0.32574668526649477,"y":0.29634934663772585,"z":-0.1083030253648758,"w":0.8912791609764099},"size":12.443268775939942,"orthographic":false}