{"cameraMode":{"drawMode":0,"name":"Shaded","section":"Shading Mode"},"sceneLighting":true,"audioPlay":false,"sceneViewState":{"showFog":true,"showMaterialUpdate":false,"showSkybox":true,"showFlares":true,"showImageEffects":true,"showParticleSystems":true},"in2DMode":false,"pivot":{"x":44.7745361328125,"y":-33.16255569458008,"z":60.36852264404297},"rotation":{"x":-0.24001064896583558,"y":-0.4205675721168518,"z":0.11647365242242813,"w":-0.8673665523529053},"size":75.86006164550781,"orthographic":false}