{"cameraMode":{"drawMode":0,"name":"Shaded","section":"Shading Mode"},"sceneLighting":true,"audioPlay":false,"sceneViewState":{"showFog":true,"showMaterialUpdate":false,"showSkybox":false,"showFlares":true,"showImageEffects":true,"showParticleSystems":true},"in2DMode":false,"pivot":{"x":0.01001673936843872,"y":-2.775308132171631,"z":3.1811981201171877},"rotation":{"x":0.36782610416412356,"y":0.02510223351418972,"z":-0.009920429438352585,"w":0.9295146465301514},"size":15.22994327545166,"orthographic":false}