{"cameraMode":{"drawMode":0,"name":"Shaded","section":"Shading Mode"},"sceneLighting":true,"audioPlay":false,"sceneViewState":{"showFog":true,"showMaterialUpdate":false,"showSkybox":false,"showFlares":true,"showImageEffects":true,"showParticleSystems":true},"in2DMode":false,"pivot":{"x":-4.3689284324646,"y":-20.77225112915039,"z":73.636962890625},"rotation":{"x":0.13994181156158448,"y":-0.0014889576705172659,"z":0.0001869089319370687,"w":0.9901857376098633},"size":90.415771484375,"orthographic":false}