{"cameraMode":{"drawMode":0,"name":"Shaded","section":"Shading Mode"},"sceneLighting":true,"audioPlay":false,"sceneViewState":{"showFog":true,"showMaterialUpdate":false,"showSkybox":false,"showFlares":true,"showImageEffects":true,"showParticleSystems":true},"in2DMode":false,"pivot":{"x":-0.1020902693271637,"y":0.08169691264629364,"z":0.026888936758041383},"rotation":{"x":0.07981528341770172,"y":-0.8108923435211182,"z":0.11385908722877503,"w":0.5684370994567871},"size":0.555505633354187,"orthographic":false}