{"cameraMode":{"drawMode":0,"name":"Shaded","section":"Shading Mode"},"sceneLighting":false,"audioPlay":false,"sceneViewState":{"showFog":true,"showMaterialUpdate":false,"showSkybox":false,"showFlares":true,"showImageEffects":true,"showParticleSystems":true},"in2DMode":false,"pivot":{"x":0.46905016899108889,"y":-0.23063546419143678,"z":0.005178332328796387},"rotation":{"x":-0.16111229360103608,"y":-0.3604624569416046,"z":0.06336092948913574,"w":-0.9165694713592529},"size":1.1172974109649659,"orthographic":false}