{"cameraMode":{"drawMode":0,"name":"Shaded","section":"Shading Mode"},"sceneLighting":true,"audioPlay":false,"sceneViewState":{"showFog":true,"showMaterialUpdate":false,"showSkybox":false,"showFlares":true,"showImageEffects":true,"showParticleSystems":true},"in2DMode":false,"pivot":{"x":-0.9055798649787903,"y":1.7375216484069825,"z":-0.5811586380004883},"rotation":{"x":0.11652349680662155,"y":-0.05955444648861885,"z":0.0069996328093111519,"w":0.9913778305053711},"size":12.27519702911377,"orthographic":false}