{"cameraMode":{"drawMode":0,"name":"Shaded","section":"Shading Mode"},"sceneLighting":true,"audioPlay":false,"sceneViewState":{"showFog":true,"showMaterialUpdate":false,"showSkybox":false,"showFlares":true,"showImageEffects":true,"showParticleSystems":true},"in2DMode":false,"pivot":{"x":-30.95257568359375,"y":-11.675468444824219,"z":-1.1211867332458497},"rotation":{"x":-0.12199512124061585,"y":0.6987771987915039,"z":-0.12284909933805466,"w":-0.6941513419151306},"size":46.248573303222659,"orthographic":false}