{"cameraMode":{"drawMode":0,"name":"Shaded","section":"Shading Mode"},"sceneLighting":false,"audioPlay":false,"sceneViewState":{"showFog":true,"showMaterialUpdate":false,"showSkybox":false,"showFlares":true,"showImageEffects":true,"showParticleSystems":true},"in2DMode":false,"pivot":{"x":0.6160635948181152,"y":-0.22820423543453217,"z":0.32684674859046938},"rotation":{"x":0.16224506497383119,"y":0.48371976613998415,"z":-0.09177549928426743,"w":0.8551421165466309},"size":0.9723873734474182,"orthographic":false}