{"cameraMode":{"drawMode":0,"name":"Shaded","section":"Shading Mode"},"sceneLighting":true,"audioPlay":false,"sceneViewState":{"showFog":true,"showMaterialUpdate":false,"showSkybox":false,"showFlares":true,"showImageEffects":true,"showParticleSystems":true},"in2DMode":false,"pivot":{"x":-0.8593919277191162,"y":0.06254619359970093,"z":0.031743407249450687},"rotation":{"x":-0.07269293069839478,"y":0.8708953857421875,"z":-0.1356343924999237,"w":-0.4667544662952423},"size":2.142077684402466,"orthographic":false}