{"cameraMode":{"drawMode":0,"name":"Shaded","section":"Shading Mode"},"sceneLighting":true,"audioPlay":false,"sceneViewState":{"showFog":true,"showMaterialUpdate":false,"showSkybox":false,"showFlares":true,"showImageEffects":true,"showParticleSystems":true},"in2DMode":false,"pivot":{"x":-0.8738069534301758,"y":-1.2786140441894532,"z":-0.628596305847168},"rotation":{"x":0.4163545072078705,"y":0.1400948017835617,"z":-0.06509780883789063,"w":0.8959893584251404},"size":20.21184539794922,"orthographic":false}