{"cameraMode":{"drawMode":0,"name":"Shaded","section":"Shading Mode"},"sceneLighting":true,"audioPlay":false,"sceneViewState":{"showFog":true,"showMaterialUpdate":false,"showSkybox":false,"showFlares":true,"showImageEffects":true,"showParticleSystems":true},"in2DMode":false,"pivot":{"x":-0.37699174880981448,"y":0.1721685826778412,"z":0.32029685378074648},"rotation":{"x":0.11433113366365433,"y":-0.7529637217521668,"z":0.13585057854652406,"w":0.6336882710456848},"size":1.8716115951538087,"orthographic":false}