{"cameraMode":{"drawMode":0,"name":"Shaded","section":"Shading Mode"},"sceneLighting":false,"audioPlay":false,"sceneViewState":{"showFog":true,"showMaterialUpdate":false,"showSkybox":false,"showFlares":true,"showImageEffects":true,"showParticleSystems":true},"in2DMode":false,"pivot":{"x":0.8439902067184448,"y":-0.9739408493041992,"z":-4.141703128814697},"rotation":{"x":0.01814265362918377,"y":0.8434025049209595,"z":-0.536319375038147,"w":0.028664404526352884},"size":13.138001441955567,"orthographic":false}