{"cameraMode":{"drawMode":0,"name":"Shaded","section":"Shading Mode"},"sceneLighting":true,"audioPlay":false,"sceneViewState":{"showFog":true,"showMaterialUpdate":false,"showSkybox":false,"showFlares":true,"showImageEffects":true,"showParticleSystems":true},"in2DMode":false,"pivot":{"x":3.673646926879883,"y":2.9075846672058107,"z":0.6376509666442871},"rotation":{"x":0.2559296786785126,"y":0.3574396073818207,"z":-0.10250619053840637,"w":0.8923282623291016},"size":12.55686092376709,"orthographic":false}