{"cameraMode":{"drawMode":0,"name":"Shaded","section":"Shading Mode"},"sceneLighting":true,"audioPlay":false,"sceneViewState":{"showFog":true,"showMaterialUpdate":false,"showSkybox":false,"showFlares":true,"showImageEffects":true,"showParticleSystems":true},"in2DMode":false,"pivot":{"x":0.6902565956115723,"y":1.0975857973098755,"z":-2.0217628479003908},"rotation":{"x":0.1364128291606903,"y":0.1918841451406479,"z":-0.026943113654851915,"w":0.9715191721916199},"size":6.936587810516357,"orthographic":false}