{"cameraMode":{"drawMode":0,"name":"Shaded","section":"Shading Mode"},"sceneLighting":true,"audioPlay":false,"sceneViewState":{"showFog":true,"showMaterialUpdate":false,"showSkybox":true,"showFlares":true,"showImageEffects":true,"showParticleSystems":true},"in2DMode":false,"pivot":{"x":60.57421875,"y":61.780216217041019,"z":48.78190612792969},"rotation":{"x":0.4708503186702728,"y":-0.526321291923523,"z":0.4616226851940155,"w":0.536848783493042},"size":29.318805694580079,"orthographic":false}