{"cameraMode":{"drawMode":0,"name":"Shaded","section":"Shading Mode"},"sceneLighting":true,"audioPlay":false,"sceneViewState":{"showFog":true,"showMaterialUpdate":false,"showSkybox":false,"showFlares":true,"showImageEffects":true,"showParticleSystems":true},"in2DMode":false,"pivot":{"x":-49.09871292114258,"y":-9.354532241821289,"z":32.17327880859375},"rotation":{"x":0.08406414836645127,"y":-0.4411114752292633,"z":0.0415286049246788,"w":0.8925654888153076},"size":61.997161865234378,"orthographic":false}