{"cameraMode":{"drawMode":0,"name":"Shaded","section":"Shading Mode"},"sceneLighting":true,"audioPlay":false,"sceneViewState":{"showFog":true,"showMaterialUpdate":false,"showSkybox":false,"showFlares":true,"showImageEffects":true,"showParticleSystems":true},"in2DMode":false,"pivot":{"x":-0.541259765625,"y":2.477294921875,"z":-9.240234375},"rotation":{"x":0.03889188542962074,"y":-0.0715894028544426,"z":0.002789131598547101,"w":0.996686577796936},"size":6.646044731140137,"orthographic":true}