{"cameraMode":{"drawMode":0,"name":"Shaded","section":"Shading Mode"},"sceneLighting":true,"audioPlay":false,"sceneViewState":{"showFog":true,"showMaterialUpdate":false,"showSkybox":false,"showFlares":true,"showImageEffects":true,"showParticleSystems":true},"in2DMode":false,"pivot":{"x":0.13384832441806794,"y":2.684614658355713,"z":-1.3823556900024415},"rotation":{"x":0.28001755475997927,"y":-0.0000025467670639045538,"z":0.000011326238563924562,"w":0.960005521774292},"size":11.939668655395508,"orthographic":false}