{"cameraMode":{"drawMode":0,"name":"Shaded","section":"Shading Mode"},"sceneLighting":true,"audioPlay":false,"sceneViewState":{"showFog":true,"showMaterialUpdate":false,"showSkybox":true,"showFlares":true,"showImageEffects":true,"showParticleSystems":true},"in2DMode":false,"pivot":{"x":74.22645568847656,"y":-11.95768928527832,"z":8.842121124267579},"rotation":{"x":0.27954766154289248,"y":0.5893645882606506,"z":-0.2279146909713745,"w":0.7228813767433167},"size":26.756433486938478,"orthographic":false}