{"cameraMode":{"drawMode":0,"name":"Shaded","section":"Shading Mode"},"sceneLighting":false,"audioPlay":false,"sceneViewState":{"showFog":true,"showMaterialUpdate":false,"showSkybox":false,"showFlares":true,"showImageEffects":true,"showParticleSystems":true},"in2DMode":false,"pivot":{"x":-1.633620262145996,"y":-5.609781742095947,"z":-5.947935581207275},"rotation":{"x":0.13681426644325257,"y":-0.8449820280075073,"z":0.4479939937591553,"w":0.2580530643463135},"size":14.194997787475586,"orthographic":false}