{"cameraMode":{"drawMode":0,"name":"Shaded","section":"Shading Mode"},"sceneLighting":false,"audioPlay":false,"sceneViewState":{"showFog":true,"showMaterialUpdate":false,"showSkybox":false,"showFlares":true,"showImageEffects":true,"showParticleSystems":true},"in2DMode":false,"pivot":{"x":7.176939010620117,"y":-4.861388206481934,"z":-5.524937629699707},"rotation":{"x":-0.24767321348190309,"y":-0.6837139129638672,"z":0.2679445147514343,"w":-0.631984531879425},"size":23.733861923217775,"orthographic":false}