{"cameraMode":{"drawMode":0,"name":"Shaded","section":"Shading Mode"},"sceneLighting":true,"audioPlay":false,"sceneViewState":{"showFog":true,"showMaterialUpdate":false,"showSkybox":false,"showFlares":true,"showImageEffects":true,"showParticleSystems":true},"in2DMode":false,"pivot":{"x":1.3615292310714722,"y":4.777153968811035,"z":-0.042636871337890628},"rotation":{"x":0.28001755475997927,"y":-0.0000025467670639045538,"z":0.000011326238563924562,"w":0.960005521774292},"size":19.58574867248535,"orthographic":false}