{"cameraMode":{"drawMode":0,"name":"Shaded","section":"Shading Mode"},"sceneLighting":true,"audioPlay":false,"sceneViewState":{"showFog":true,"showMaterialUpdate":false,"showSkybox":false,"showFlares":true,"showImageEffects":true,"showParticleSystems":true},"in2DMode":false,"pivot":{"x":-39.345027923583987,"y":-8.993715286254883,"z":68.46566009521485},"rotation":{"x":0.06064509227871895,"y":-0.23288358747959138,"z":0.014524608850479126,"w":0.970531165599823},"size":89.68563079833985,"orthographic":false}