{"cameraMode":{"drawMode":0,"name":"Shaded","section":"Shading Mode"},"sceneLighting":true,"audioPlay":false,"sceneViewState":{"showFog":true,"showMaterialUpdate":false,"showSkybox":false,"showFlares":true,"showImageEffects":true,"showParticleSystems":true},"in2DMode":false,"pivot":{"x":3.0152158737182619,"y":3.421875,"z":1.76904296875},"rotation":{"x":0.7039177417755127,"y":0.0010651745833456517,"z":-0.0010553280590102077,"w":0.710281491279602},"size":17.865314483642579,"orthographic":true}