{"cameraMode":{"drawMode":0,"name":"Shaded","section":"Shading Mode"},"sceneLighting":false,"audioPlay":false,"sceneViewState":{"showFog":true,"showMaterialUpdate":false,"showSkybox":false,"showFlares":true,"showImageEffects":true,"showParticleSystems":true},"in2DMode":false,"pivot":{"x":3.3521947860717775,"y":-0.10910367965698242,"z":0.4247446060180664},"rotation":{"x":0.19520112872123719,"y":-0.019123414531350137,"z":0.0038069572765380146,"w":0.9805700182914734},"size":13.70284366607666,"orthographic":false}