{"cameraMode":{"drawMode":0,"name":"Shaded","section":"Shading Mode"},"sceneLighting":false,"audioPlay":false,"sceneViewState":{"showFog":true,"showMaterialUpdate":false,"showSkybox":false,"showFlares":true,"showImageEffects":true,"showParticleSystems":true},"in2DMode":false,"pivot":{"x":-2.980232238769531e-7,"y":0.0,"z":-1.5273690223693848e-7},"rotation":{"x":0.05344484746456146,"y":0.9464614391326904,"z":-0.21811634302139283,"w":0.2319125235080719},"size":0.611202597618103,"orthographic":false}