{"cameraMode":{"drawMode":0,"name":"Shaded","section":"Shading Mode"},"sceneLighting":true,"audioPlay":false,"sceneViewState":{"showFog":true,"showMaterialUpdate":false,"showSkybox":false,"showFlares":true,"showImageEffects":true,"showParticleSystems":true},"in2DMode":false,"pivot":{"x":3.1767423152923586,"y":-0.9913077354431152,"z":0.5986356735229492},"rotation":{"x":0.2681359350681305,"y":0.1481110155582428,"z":-0.04174821823835373,"w":0.9510236978530884},"size":12.052836418151856,"orthographic":false}