{"cameraMode":{"drawMode":0,"name":"Shaded","section":"Shading Mode"},"sceneLighting":true,"audioPlay":false,"sceneViewState":{"showFog":true,"showMaterialUpdate":false,"showSkybox":false,"showFlares":true,"showImageEffects":true,"showParticleSystems":true},"in2DMode":false,"pivot":{"x":25.45243263244629,"y":1.7428398132324219,"z":42.084449768066409},"rotation":{"x":-0.4471544921398163,"y":-0.027647685259580613,"z":0.013796789571642876,"w":-0.8939443230628967},"size":28.932884216308595,"orthographic":false}