{"cameraMode":{"drawMode":0,"name":"Shaded","section":"Shading Mode"},"sceneLighting":true,"audioPlay":false,"sceneViewState":{"showFog":true,"showMaterialUpdate":false,"showSkybox":false,"showFlares":true,"showImageEffects":true,"showParticleSystems":true},"in2DMode":false,"pivot":{"x":-22.766345977783204,"y":-2.7373876571655275,"z":21.463211059570314},"rotation":{"x":0.16589169204235078,"y":-0.40737879276275637,"z":0.07556216418743134,"w":0.8949182629585266},"size":51.569583892822269,"orthographic":false}