{"cameraMode":{"drawMode":0,"name":"Shaded","section":"Shading Mode"},"sceneLighting":true,"audioPlay":false,"sceneViewState":{"showFog":true,"showMaterialUpdate":false,"showSkybox":false,"showFlares":true,"showImageEffects":true,"showParticleSystems":true},"in2DMode":false,"pivot":{"x":-0.01993687078356743,"y":1.584155559539795,"z":-0.6270580291748047},"rotation":{"x":-0.0002918286481872201,"y":0.9941365718841553,"z":-0.10809764266014099,"w":-0.0026832011062651874},"size":11.430730819702149,"orthographic":false}