{"cameraMode":{"drawMode":0,"name":"Shaded","section":"Shading Mode"},"sceneLighting":false,"audioPlay":false,"sceneViewState":{"showFog":true,"showMaterialUpdate":false,"showSkybox":false,"showFlares":true,"showImageEffects":true,"showParticleSystems":true},"in2DMode":false,"pivot":{"x":0.35147666931152346,"y":-0.16803741455078126,"z":-1.1772880554199219},"rotation":{"x":-0.10624498873949051,"y":0.884131669998169,"z":-0.24498507380485536,"w":-0.3834296762943268},"size":20.598461151123048,"orthographic":false}