{"cameraMode":{"drawMode":0,"name":"Shaded","section":"Shading Mode"},"sceneLighting":true,"audioPlay":false,"sceneViewState":{"showFog":true,"showMaterialUpdate":false,"showSkybox":false,"showFlares":true,"showImageEffects":true,"showParticleSystems":true},"in2DMode":false,"pivot":{"x":-1.0130348205566407,"y":7.502927780151367,"z":3.5700106620788576},"rotation":{"x":0.06307609379291535,"y":-0.759531557559967,"z":0.07455278187990189,"w":0.6431431174278259},"size":31.205190658569337,"orthographic":false}