{"cameraMode":{"drawMode":0,"name":"Shaded","section":"Shading Mode"},"sceneLighting":false,"audioPlay":false,"sceneViewState":{"showFog":true,"showMaterialUpdate":false,"showSkybox":false,"showFlares":true,"showImageEffects":true,"showParticleSystems":true},"in2DMode":false,"pivot":{"x":-36.09856414794922,"y":-21.387048721313478,"z":11.635326385498047},"rotation":{"x":-0.2236453741788864,"y":0.5451241135597229,"z":-0.15369348227977754,"w":-0.7932308316230774},"size":75.16869354248047,"orthographic":false}