{"cameraMode":{"drawMode":0,"name":"Shaded","section":"Shading Mode"},"sceneLighting":true,"audioPlay":false,"sceneViewState":{"showFog":true,"showMaterialUpdate":false,"showSkybox":false,"showFlares":true,"showImageEffects":true,"showParticleSystems":true},"in2DMode":false,"pivot":{"x":1.474698543548584,"y":1.1534266471862794,"z":-2.528101921081543},"rotation":{"x":0.04420582205057144,"y":0.9552024006843567,"z":-0.2234625220298767,"w":0.18896053731441499},"size":15.545076370239258,"orthographic":false}