{"cameraMode":{"drawMode":0,"name":"Shaded","section":"Shading Mode"},"sceneLighting":true,"audioPlay":false,"sceneViewState":{"showFog":true,"showMaterialUpdate":false,"showSkybox":false,"showFlares":true,"showImageEffects":true,"showParticleSystems":true},"in2DMode":false,"pivot":{"x":2.23250675201416,"y":1.8903508186340333,"z":-1.645517349243164},"rotation":{"x":-0.3122500479221344,"y":0.4679025709629059,"z":-0.18111065030097962,"w":-0.8067035675048828},"size":11.172203063964844,"orthographic":false}