{"cameraMode":{"drawMode":0,"name":"Shaded","section":"Shading Mode"},"sceneLighting":true,"audioPlay":false,"sceneViewState":{"showFog":true,"showMaterialUpdate":false,"showSkybox":false,"showFlares":true,"showImageEffects":true,"showParticleSystems":true},"in2DMode":false,"pivot":{"x":1.426405906677246,"y":26.05660057067871,"z":-28.84161949157715},"rotation":{"x":-0.11252009123563767,"y":0.880893349647522,"z":-0.2626868486404419,"w":-0.37732478976249697},"size":24.403200149536134,"orthographic":false}