{"cameraMode":{"drawMode":0,"name":"Shaded","section":"Shading Mode"},"sceneLighting":false,"audioPlay":false,"sceneViewState":{"showFog":false,"showMaterialUpdate":false,"showSkybox":false,"showFlares":false,"showImageEffects":false,"showParticleSystems":false},"in2DMode":false,"pivot":{"x":4.0612897872924809,"y":-3.822744369506836,"z":5.012645721435547},"rotation":{"x":0.2968767285346985,"y":-0.19862832129001618,"z":0.06330962479114533,"w":0.9319459795951843},"size":41.09313201904297,"orthographic":false}