{"cameraMode":{"drawMode":0,"name":"Shaded","section":"Shading Mode"},"sceneLighting":true,"audioPlay":false,"sceneViewState":{"showFog":false,"showMaterialUpdate":false,"showSkybox":false,"showFlares":false,"showImageEffects":false,"showParticleSystems":false},"in2DMode":false,"pivot":{"x":-4.9371256828308109,"y":0.2717161178588867,"z":5.5701141357421879},"rotation":{"x":0.24202686548233033,"y":-0.2456289678812027,"z":0.06347727030515671,"w":0.9365230202674866},"size":28.102781295776368,"orthographic":false}