{"cameraMode":{"drawMode":0,"name":"Shaded","section":"Shading Mode"},"sceneLighting":true,"audioPlay":false,"sceneViewState":{"showFog":false,"showMaterialUpdate":false,"showSkybox":false,"showFlares":false,"showImageEffects":false,"showParticleSystems":false},"in2DMode":false,"pivot":{"x":-1.9654598236083985,"y":28.537866592407228,"z":0.21747207641601563},"rotation":{"x":0.09193627536296845,"y":-0.8683148622512817,"z":0.1755644530057907,"w":0.4547041654586792},"size":32.95271682739258,"orthographic":false}