{"cameraMode":{"drawMode":0,"name":"Shaded","section":"Shading Mode"},"sceneLighting":true,"audioPlay":false,"sceneViewState":{"showFog":false,"showMaterialUpdate":false,"showSkybox":false,"showFlares":false,"showImageEffects":false,"showParticleSystems":false},"in2DMode":false,"pivot":{"x":0.7113262414932251,"y":2.2122011184692385,"z":6.962685585021973},"rotation":{"x":0.19022934138774873,"y":0.005890203639864922,"z":-0.001142839784733951,"w":0.9817284345626831},"size":15.643230438232422,"orthographic":false}