{"cameraMode":{"drawMode":0,"name":"Shaded","section":"Shading Mode"},"sceneLighting":true,"audioPlay":false,"sceneViewState":{"showFog":false,"showMaterialUpdate":false,"showSkybox":false,"showFlares":false,"showImageEffects":false,"showParticleSystems":false},"in2DMode":false,"pivot":{"x":38.719703674316409,"y":19.039264678955079,"z":-85.69403839111328},"rotation":{"x":0.2933172583580017,"y":-0.4979637563228607,"z":0.18369081616401673,"w":0.795148491859436},"size":10.135046005249024,"orthographic":false}