{"cameraMode":{"drawMode":0,"name":"Shaded","section":"Shading Mode"},"sceneLighting":true,"audioPlay":false,"sceneViewState":{"showFog":false,"showMaterialUpdate":false,"showSkybox":false,"showFlares":false,"showImageEffects":false,"showParticleSystems":false},"in2DMode":false,"pivot":{"x":2.9712038040161135,"y":-5.776723861694336,"z":0.5986847877502441},"rotation":{"x":0.21521179378032685,"y":-0.7840651869773865,"z":0.43027350306510928,"w":0.3921814262866974},"size":15.427263259887696,"orthographic":false}