{"cameraMode":{"drawMode":0,"name":"Shaded","section":"Shading Mode"},"sceneLighting":false,"audioPlay":false,"sceneViewState":{"showFog":false,"showMaterialUpdate":false,"showSkybox":false,"showFlares":false,"showImageEffects":false,"showParticleSystems":false},"in2DMode":false,"pivot":{"x":-4.631485939025879,"y":5.012019157409668,"z":0.02271747589111328},"rotation":{"x":-0.21940717101097108,"y":-0.25780555605888369,"z":0.06014154478907585,"w":-0.9390842318534851},"size":5.6432785987854,"orthographic":false}