{"cameraMode":{"drawMode":0,"name":"Shaded","section":"Shading Mode"},"sceneLighting":false,"audioPlay":false,"sceneViewState":{"showFog":false,"showMaterialUpdate":false,"showSkybox":false,"showFlares":false,"showImageEffects":false,"showParticleSystems":false},"in2DMode":false,"pivot":{"x":-0.480804979801178,"y":-0.9902756810188294,"z":1.1239999532699586},"rotation":{"x":-0.2635675370693207,"y":0.5412798523902893,"z":-0.1835954636335373,"w":-0.7770917415618897},"size":2.021573543548584,"orthographic":false}