{"cameraMode":{"drawMode":0,"name":"Shaded","section":"Shading Mode"},"sceneLighting":false,"audioPlay":false,"sceneViewState":{"showFog":false,"showMaterialUpdate":false,"showSkybox":false,"showFlares":false,"showImageEffects":false,"showParticleSystems":false},"in2DMode":false,"pivot":{"x":3.5170774459838869,"y":-0.7467842102050781,"z":1.6298565864562989},"rotation":{"x":0.38326215744018557,"y":-0.16893762350082398,"z":0.07152532041072846,"w":0.9052377343177795},"size":18.67635726928711,"orthographic":false}