{"cameraMode":{"drawMode":0,"name":"Shaded","section":"Shading Mode"},"sceneLighting":false,"audioPlay":false,"sceneViewState":{"showFog":false,"showMaterialUpdate":false,"showSkybox":false,"showFlares":false,"showImageEffects":false,"showParticleSystems":false},"in2DMode":false,"pivot":{"x":-9.547304153442383,"y":-8.621715545654297,"z":0.8316473364830017},"rotation":{"x":0.3117755651473999,"y":-0.6378086805343628,"z":0.3159240484237671,"w":0.6294447183609009},"size":23.46514129638672,"orthographic":false}