{"cameraMode":{"drawMode":0,"name":"Shaded","section":"Shading Mode"},"sceneLighting":false,"audioPlay":false,"sceneViewState":{"showFog":false,"showMaterialUpdate":false,"showSkybox":false,"showFlares":false,"showImageEffects":false,"showParticleSystems":false},"in2DMode":false,"pivot":{"x":2.594942808151245,"y":0.16847944259643556,"z":1.8699021339416505},"rotation":{"x":-0.1744217872619629,"y":0.25324711203575137,"z":-0.04647945612668991,"w":-0.9504280090332031},"size":8.446290016174317,"orthographic":false}