{"cameraMode":{"drawMode":0,"name":"Shaded","section":"Shading Mode"},"sceneLighting":false,"audioPlay":false,"sceneViewState":{"showFog":false,"showMaterialUpdate":false,"showSkybox":false,"showFlares":false,"showImageEffects":false,"showParticleSystems":false},"in2DMode":false,"pivot":{"x":-4.988099098205566,"y":-4.414694309234619,"z":-1.7549477815628052},"rotation":{"x":0.20777051150798798,"y":-0.6389706134796143,"z":0.1851244866847992,"w":0.7171453833580017},"size":13.98172378540039,"orthographic":false}