{"cameraMode":{"drawMode":0,"name":"Shaded","section":"Shading Mode"},"sceneLighting":true,"audioPlay":false,"sceneViewState":{"showFog":false,"showMaterialUpdate":false,"showSkybox":false,"showFlares":false,"showImageEffects":false,"showParticleSystems":false},"in2DMode":false,"pivot":{"x":50.87673568725586,"y":9.375829696655274,"z":63.72807312011719},"rotation":{"x":0.3679780960083008,"y":-0.31760141253471377,"z":0.13536600768566132,"w":0.8633658289909363},"size":56.77667999267578,"orthographic":false}