{"cameraMode":{"drawMode":0,"name":"Shaded","section":"Shading Mode"},"sceneLighting":true,"audioPlay":false,"sceneViewState":{"showFog":false,"showMaterialUpdate":false,"showSkybox":false,"showFlares":false,"showImageEffects":false,"showParticleSystems":false},"in2DMode":false,"pivot":{"x":0.17781956493854524,"y":-1.8071041107177735,"z":0.42467522621154787},"rotation":{"x":0.6053157448768616,"y":-0.02029373310506344,"z":0.01543645653873682,"w":0.7955958843231201},"size":4.222377300262451,"orthographic":false}