{"cameraMode":{"drawMode":0,"name":"Shaded","section":"Shading Mode"},"sceneLighting":false,"audioPlay":false,"sceneViewState":{"showFog":false,"showMaterialUpdate":false,"showSkybox":false,"showFlares":false,"showImageEffects":false,"showParticleSystems":false},"in2DMode":false,"pivot":{"x":0.0,"y":-0.9882757663726807,"z":0.7500014305114746},"rotation":{"x":0.3113125264644623,"y":-0.19069908559322358,"z":0.06393785774707794,"w":0.9288430213928223},"size":4.0296430587768559,"orthographic":false}