{"cameraMode":{"drawMode":0,"name":"Shaded","section":"Shading Mode"},"sceneLighting":false,"audioPlay":false,"sceneViewState":{"showFog":false,"showMaterialUpdate":false,"showSkybox":false,"showFlares":false,"showImageEffects":false,"showParticleSystems":false},"in2DMode":false,"pivot":{"x":5.6111602783203129,"y":-23.53835678100586,"z":54.83620071411133},"rotation":{"x":0.2530502676963806,"y":0.021765494719147683,"z":-0.005694592837244272,"w":0.9671926498413086},"size":115.3780288696289,"orthographic":false}