{"cameraMode":{"drawMode":0,"name":"Shaded","section":"Shading Mode"},"sceneLighting":false,"audioPlay":false,"sceneViewState":{"showFog":false,"showMaterialUpdate":false,"showSkybox":false,"showFlares":false,"showImageEffects":false,"showParticleSystems":false},"in2DMode":false,"pivot":{"x":2.1344780921936037,"y":2.642578125,"z":1.7225310802459717},"rotation":{"x":0.26604440808296206,"y":0.027468444779515268,"z":-0.0075837611220777039,"w":0.9635446071624756},"size":16.29850959777832,"orthographic":true}