{"cameraMode":{"drawMode":0,"name":"Shaded","section":"Shading Mode"},"sceneLighting":false,"audioPlay":false,"sceneViewState":{"showFog":false,"showMaterialUpdate":false,"showSkybox":false,"showFlares":false,"showImageEffects":false,"showParticleSystems":false},"in2DMode":false,"pivot":{"x":0.016336917877197267,"y":0.005820035934448242,"z":-0.1508256196975708},"rotation":{"x":-0.2635675370693207,"y":0.5412798523902893,"z":-0.1835954636335373,"w":-0.7770917415618897},"size":4.961697578430176,"orthographic":false}