{"cameraMode":{"drawMode":0,"name":"Shaded","section":"Shading Mode"},"sceneLighting":false,"audioPlay":false,"sceneViewState":{"showFog":false,"showMaterialUpdate":false,"showSkybox":false,"showFlares":false,"showImageEffects":false,"showParticleSystems":false},"in2DMode":false,"pivot":{"x":1.500000238418579,"y":0.062499403953552249,"z":1.4999992847442628},"rotation":{"x":-0.1744217872619629,"y":0.25324711203575137,"z":-0.04647945612668991,"w":-0.9504280090332031},"size":7.003425121307373,"orthographic":false}