{"cameraMode":{"drawMode":0,"name":"Shaded","section":"Shading Mode"},"sceneLighting":false,"audioPlay":false,"sceneViewState":{"showFog":false,"showMaterialUpdate":false,"showSkybox":false,"showFlares":false,"showImageEffects":false,"showParticleSystems":false},"in2DMode":false,"pivot":{"x":0.9048870205879211,"y":-10.81219482421875,"z":-4.258491039276123},"rotation":{"x":-0.4955570697784424,"y":0.5030668377876282,"z":-0.5262423753738403,"w":-0.47375747561454775},"size":12.320446968078614,"orthographic":false}