{"cameraMode":{"drawMode":0,"name":"Shaded","section":"Shading Mode"},"sceneLighting":false,"audioPlay":false,"sceneViewState":{"showFog":false,"showMaterialUpdate":false,"showSkybox":false,"showFlares":false,"showImageEffects":false,"showParticleSystems":false},"in2DMode":false,"pivot":{"x":1.4252777099609376,"y":0.8447265625,"z":-0.400390625},"rotation":{"x":0.5678144097328186,"y":-0.011101326905190945,"z":0.007682169787585735,"w":0.823069155216217},"size":12.115179061889649,"orthographic":true}