{"cameraMode":{"drawMode":0,"name":"Shaded","section":"Shading Mode"},"sceneLighting":false,"audioPlay":false,"sceneViewState":{"showFog":false,"showMaterialUpdate":false,"showSkybox":false,"showFlares":false,"showImageEffects":false,"showParticleSystems":false},"in2DMode":false,"pivot":{"x":1.499999761581421,"y":0.1249995231628418,"z":1.5000003576278687},"rotation":{"x":-0.1744217872619629,"y":0.25324711203575137,"z":-0.04647945612668991,"w":-0.9504280090332031},"size":7.012529373168945,"orthographic":false}