{"cameraMode":{"drawMode":0,"name":"Shaded","section":"Shading Mode"},"sceneLighting":true,"audioPlay":false,"sceneViewState":{"showFog":false,"showMaterialUpdate":false,"showSkybox":false,"showFlares":false,"showImageEffects":false,"showParticleSystems":false},"in2DMode":false,"pivot":{"x":11.97393798828125,"y":-33.074527740478519,"z":24.01026153564453},"rotation":{"x":0.5390036702156067,"y":-0.01995864510536194,"z":0.012749047949910164,"w":0.8420321941375732},"size":67.30013275146485,"orthographic":false}