{"cameraMode":{"drawMode":0,"name":"Shaded","section":"Shading Mode"},"sceneLighting":false,"audioPlay":false,"sceneViewState":{"showFog":false,"showMaterialUpdate":false,"showSkybox":false,"showFlares":false,"showImageEffects":false,"showParticleSystems":false},"in2DMode":false,"pivot":{"x":1.562044620513916,"y":-8.233129501342774,"z":13.485723495483399},"rotation":{"x":-0.3205295503139496,"y":-0.02471507154405117,"z":0.008357560262084008,"w":-0.9468960165977478},"size":28.433876037597658,"orthographic":false}