{"cameraMode":{"drawMode":0,"name":"Shaded","section":"Shading Mode"},"sceneLighting":false,"audioPlay":false,"sceneViewState":{"showFog":false,"showMaterialUpdate":false,"showSkybox":false,"showFlares":false,"showImageEffects":false,"showParticleSystems":false},"in2DMode":false,"pivot":{"x":-2.798609733581543,"y":0.32809972763061526,"z":1.0725469589233399},"rotation":{"x":-0.2695189416408539,"y":0.32350388169288638,"z":-0.09669003635644913,"w":-0.9018791317939758},"size":5.294692039489746,"orthographic":false}