{"cameraMode":{"drawMode":0,"name":"Shaded","section":"Shading Mode"},"sceneLighting":false,"audioPlay":false,"sceneViewState":{"showFog":false,"showMaterialUpdate":false,"showSkybox":false,"showFlares":false,"showImageEffects":false,"showParticleSystems":false},"in2DMode":false,"pivot":{"x":13.155851364135743,"y":-5.769992828369141,"z":-2.1787936687469484},"rotation":{"x":-0.1520979404449463,"y":-0.7275934219360352,"z":0.17112986743450166,"w":-0.6466852426528931},"size":19.71723175048828,"orthographic":false}