{"cameraMode":{"drawMode":0,"name":"Shaded","section":"Shading Mode"},"sceneLighting":false,"audioPlay":false,"sceneViewState":{"showFog":false,"showMaterialUpdate":false,"showSkybox":false,"showFlares":false,"showImageEffects":false,"showParticleSystems":false},"in2DMode":false,"pivot":{"x":0.44613027572631838,"y":5.9786529541015629,"z":-2.54638671875},"rotation":{"x":0.26417580246925356,"y":-0.08809852600097656,"z":0.024239780381321908,"w":0.9601366519927979},"size":23.242971420288087,"orthographic":false}