{"cameraMode":{"drawMode":0,"name":"Shaded","section":"Shading Mode"},"sceneLighting":true,"audioPlay":false,"sceneViewState":{"showFog":false,"showMaterialUpdate":false,"showSkybox":false,"showFlares":false,"showImageEffects":false,"showParticleSystems":false},"in2DMode":false,"pivot":{"x":16.07023811340332,"y":-12.744304656982422,"z":75.25967407226563},"rotation":{"x":0.6042978167533875,"y":0.009586515836417675,"z":-0.0072170826606452469,"w":0.7967332005500794},"size":69.7906494140625,"orthographic":false}