{"cameraMode":{"drawMode":0,"name":"Shaded","section":"Shading Mode"},"sceneLighting":false,"audioPlay":false,"sceneViewState":{"showFog":false,"showMaterialUpdate":false,"showSkybox":false,"showFlares":false,"showImageEffects":false,"showParticleSystems":false},"in2DMode":false,"pivot":{"x":3.1997580528259279,"y":-4.315607070922852,"z":2.62611985206604},"rotation":{"x":0.647890567779541,"y":-0.047888122498989108,"z":0.04087189584970474,"w":0.7591342329978943},"size":22.77568244934082,"orthographic":false}