{"cameraMode":{"drawMode":0,"name":"Shaded","section":"Shading Mode"},"sceneLighting":false,"audioPlay":false,"sceneViewState":{"showFog":false,"showMaterialUpdate":false,"showSkybox":false,"showFlares":false,"showImageEffects":false,"showParticleSystems":false},"in2DMode":false,"pivot":{"x":1.967369556427002,"y":10.609943389892579,"z":1.730269432067871},"rotation":{"x":-0.6371185779571533,"y":-0.04846015200018883,"z":-0.04019166901707649,"w":0.7681906223297119},"size":28.956409454345704,"orthographic":false}