{"cameraMode":{"drawMode":0,"name":"Shaded","section":"Shading Mode"},"sceneLighting":true,"audioPlay":false,"sceneViewState":{"showFog":false,"showMaterialUpdate":false,"showSkybox":false,"showFlares":false,"showImageEffects":false,"showParticleSystems":false},"in2DMode":false,"pivot":{"x":45.78443145751953,"y":-39.64698028564453,"z":70.18038177490235},"rotation":{"x":0.4924004077911377,"y":0.13647596538066865,"z":-0.07850636541843414,"w":0.8560203313827515},"size":136.1378936767578,"orthographic":false}