{"cameraMode":{"drawMode":0,"name":"Shaded","section":"Shading Mode"},"sceneLighting":true,"audioPlay":false,"sceneViewState":{"showFog":false,"showMaterialUpdate":false,"showSkybox":false,"showFlares":false,"showImageEffects":false,"showParticleSystems":false},"in2DMode":false,"pivot":{"x":-0.7776122093200684,"y":0.33211469650268557,"z":1.5756397247314454},"rotation":{"x":0.04404224082827568,"y":-0.9543015360832214,"z":0.17809252440929414,"w":0.23595832288265229},"size":13.813998222351075,"orthographic":false}