{"cameraMode":{"drawMode":0,"name":"Shaded","section":"Shading Mode"},"sceneLighting":true,"audioPlay":false,"sceneViewState":{"showFog":false,"showMaterialUpdate":false,"showSkybox":false,"showFlares":false,"showImageEffects":false,"showParticleSystems":false},"in2DMode":false,"pivot":{"x":3.746814727783203,"y":6.095867156982422,"z":5.635122299194336},"rotation":{"x":0.21960589289665223,"y":-0.004385426640510559,"z":0.0010165780549868942,"w":0.9756418466567993},"size":40.010372161865237,"orthographic":false}