{"cameraMode":{"drawMode":0,"name":"Shaded","section":"Shading Mode"},"sceneLighting":false,"audioPlay":false,"sceneViewState":{"showFog":false,"showMaterialUpdate":false,"showSkybox":false,"showFlares":false,"showImageEffects":false,"showParticleSystems":false},"in2DMode":false,"pivot":{"x":0.3868921995162964,"y":1.951171875,"z":-1.1618518829345704},"rotation":{"x":0.23909114301204682,"y":-0.023300783708691598,"z":0.005741472356021404,"w":0.9707048535346985},"size":9.962662696838379,"orthographic":true}