{"cameraMode":{"drawMode":0,"name":"Shaded","section":"Shading Mode"},"sceneLighting":false,"audioPlay":false,"sceneViewState":{"showFog":false,"showMaterialUpdate":false,"showSkybox":false,"showFlares":false,"showImageEffects":false,"showParticleSystems":false},"in2DMode":false,"pivot":{"x":1.4884843826293946,"y":0.37134814262390139,"z":1.683370590209961},"rotation":{"x":-0.1744217872619629,"y":0.25324711203575137,"z":-0.04647945612668991,"w":-0.9504280090332031},"size":4.5872697830200199,"orthographic":false}