{"cameraMode":{"drawMode":0,"name":"Shaded","section":"Shading Mode"},"sceneLighting":true,"audioPlay":false,"sceneViewState":{"showFog":false,"showMaterialUpdate":false,"showSkybox":false,"showFlares":false,"showImageEffects":false,"showParticleSystems":false},"in2DMode":false,"pivot":{"x":12.657816886901856,"y":2.2601003646850588,"z":-1.5073347091674805},"rotation":{"x":0.15398021042346955,"y":0.7079480290412903,"z":-0.16267988085746766,"w":0.6698989868164063},"size":26.235408782958986,"orthographic":false}