{"cameraMode":{"drawMode":0,"name":"Shaded","section":"Shading Mode"},"sceneLighting":false,"audioPlay":false,"sceneViewState":{"showFog":false,"showMaterialUpdate":false,"showSkybox":false,"showFlares":false,"showImageEffects":false,"showParticleSystems":false},"in2DMode":false,"pivot":{"x":-5.960464477539063e-8,"y":0.0755070298910141,"z":4.76837158203125e-7},"rotation":{"x":-0.2635675370693207,"y":0.5412798523902893,"z":-0.1835954636335373,"w":-0.7770917415618897},"size":9.33713436126709,"orthographic":false}