{"cameraMode":{"drawMode":0,"name":"Shaded","section":"Shading Mode"},"sceneLighting":false,"audioPlay":false,"sceneViewState":{"showFog":false,"showMaterialUpdate":false,"showSkybox":false,"showFlares":false,"showImageEffects":false,"showParticleSystems":false},"in2DMode":false,"pivot":{"x":5.726702690124512,"y":1.2233333587646485,"z":-2.3651485443115236},"rotation":{"x":0.3113125264644623,"y":-0.19069908559322358,"z":0.06393785774707794,"w":0.9288430213928223},"size":34.25019454956055,"orthographic":false}