{"cameraMode":{"drawMode":0,"name":"Shaded","section":"Shading Mode"},"sceneLighting":true,"audioPlay":false,"sceneViewState":{"showFog":false,"showMaterialUpdate":false,"showSkybox":false,"showFlares":false,"showImageEffects":false,"showParticleSystems":false},"in2DMode":false,"pivot":{"x":44.95842742919922,"y":13.369941711425782,"z":57.713584899902347},"rotation":{"x":0.6974669098854065,"y":0.007518647238612175,"z":-0.007329944521188736,"w":0.7165572047233582},"size":65.88932800292969,"orthographic":false}