{"cameraMode":{"drawMode":0,"name":"Shaded","section":"Shading Mode"},"sceneLighting":false,"audioPlay":false,"sceneViewState":{"showFog":false,"showMaterialUpdate":false,"showSkybox":false,"showFlares":false,"showImageEffects":false,"showParticleSystems":false},"in2DMode":false,"pivot":{"x":-2.723341464996338,"y":1.422999382019043,"z":1.8903555870056153},"rotation":{"x":0.1286943554878235,"y":-0.7036945223808289,"z":0.13197948038578034,"w":0.6861776113510132},"size":11.411745071411133,"orthographic":false}