{"cameraMode":{"drawMode":0,"name":"Shaded","section":"Shading Mode"},"sceneLighting":false,"audioPlay":false,"sceneViewState":{"showFog":false,"showMaterialUpdate":false,"showSkybox":false,"showFlares":false,"showImageEffects":false,"showParticleSystems":false},"in2DMode":false,"pivot":{"x":-7.452070713043213,"y":-4.599522113800049,"z":7.337221622467041},"rotation":{"x":-0.29568520188331606,"y":0.5158786773681641,"z":-0.19559219479560853,"w":-0.7798793911933899},"size":17.807355880737306,"orthographic":false}