{"cameraMode":{"drawMode":0,"name":"Shaded","section":"Shading Mode"},"sceneLighting":false,"audioPlay":false,"sceneViewState":{"showFog":false,"showMaterialUpdate":false,"showSkybox":false,"showFlares":false,"showImageEffects":false,"showParticleSystems":false},"in2DMode":false,"pivot":{"x":6.430561542510986,"y":-3.8602609634399416,"z":-4.114776611328125},"rotation":{"x":-0.2641114890575409,"y":-0.7184173464775086,"z":0.3523675501346588,"w":-0.5384801626205444},"size":23.1602783203125,"orthographic":false}