{"cameraMode":{"drawMode":0,"name":"Shaded","section":"Shading Mode"},"sceneLighting":true,"audioPlay":false,"sceneViewState":{"showFog":false,"showMaterialUpdate":false,"showSkybox":false,"showFlares":false,"showImageEffects":false,"showParticleSystems":false},"in2DMode":false,"pivot":{"x":-35.400909423828128,"y":68.31986999511719,"z":-105.8858413696289},"rotation":{"x":0.011438575573265553,"y":-0.9791808128356934,"z":0.19431181252002717,"w":0.057638030499219897},"size":89.02751159667969,"orthographic":false}