{"cameraMode":{"drawMode":0,"name":"Shaded","section":"Shading Mode"},"sceneLighting":true,"audioPlay":false,"sceneViewState":{"showFog":false,"showMaterialUpdate":false,"showSkybox":false,"showFlares":false,"showImageEffects":false,"showParticleSystems":false},"in2DMode":false,"pivot":{"x":69.52518463134766,"y":-11.964973449707032,"z":53.28742218017578},"rotation":{"x":0.5076884031295776,"y":-0.0033590623643249275,"z":0.0019786653574556114,"w":0.8615396618843079},"size":145.2612762451172,"orthographic":false}