{"cameraMode":{"drawMode":0,"name":"Shaded","section":"Shading Mode"},"sceneLighting":true,"audioPlay":false,"sceneViewState":{"showFog":false,"showMaterialUpdate":false,"showSkybox":false,"showFlares":false,"showImageEffects":false,"showParticleSystems":false},"in2DMode":false,"pivot":{"x":40.77983856201172,"y":-11.801376342773438,"z":69.2428970336914},"rotation":{"x":0.33446720242500307,"y":-0.44285568594932558,"z":0.18250305950641633,"w":0.8116061687469482},"size":133.844970703125,"orthographic":false}