{"cameraMode":{"drawMode":0,"name":"Shaded","section":"Shading Mode"},"sceneLighting":false,"audioPlay":false,"sceneViewState":{"showFog":false,"showMaterialUpdate":false,"showSkybox":false,"showFlares":false,"showImageEffects":false,"showParticleSystems":false},"in2DMode":false,"pivot":{"x":4.357364654541016,"y":-6.859225273132324,"z":2.8759613037109377},"rotation":{"x":0.20037239789962769,"y":0.3400169014930725,"z":-0.07439249008893967,"w":0.9158113598823547},"size":35.19559097290039,"orthographic":false}