{"cameraMode":{"drawMode":0,"name":"Shaded","section":"Shading Mode"},"sceneLighting":false,"audioPlay":false,"sceneViewState":{"showFog":false,"showMaterialUpdate":false,"showSkybox":false,"showFlares":false,"showImageEffects":false,"showParticleSystems":false},"in2DMode":false,"pivot":{"x":0.1810147911310196,"y":7.738049507141113,"z":0.6695241928100586},"rotation":{"x":0.3132416903972626,"y":0.0022865931969136,"z":0.0007534308824688196,"w":-0.9496815800666809},"size":10.865328788757325,"orthographic":false}