{"cameraMode":{"drawMode":0,"name":"Shaded","section":"Shading Mode"},"sceneLighting":true,"audioPlay":false,"sceneViewState":{"showFog":false,"showMaterialUpdate":false,"showSkybox":false,"showFlares":false,"showImageEffects":false,"showParticleSystems":false},"in2DMode":false,"pivot":{"x":-836.5872192382813,"y":-161.0054168701172,"z":58.48423767089844},"rotation":{"x":0.07505951076745987,"y":-0.6940856575965881,"z":0.07314809411764145,"w":0.7122253179550171},"size":990.6911010742188,"orthographic":false}