{"cameraMode":{"drawMode":0,"name":"Shaded","section":"Shading Mode"},"sceneLighting":false,"audioPlay":false,"sceneViewState":{"showFog":false,"showMaterialUpdate":false,"showSkybox":false,"showFlares":false,"showImageEffects":false,"showParticleSystems":false},"in2DMode":false,"pivot":{"x":10.301743507385254,"y":-5.138101577758789,"z":-13.82746696472168},"rotation":{"x":-0.05815868079662323,"y":-0.9413856267929077,"z":0.21932660043239594,"w":-0.2496267408132553},"size":32.30419158935547,"orthographic":false}