{"cameraMode":{"drawMode":0,"name":"Shaded","section":"Shading Mode"},"sceneLighting":false,"audioPlay":false,"sceneViewState":{"showFog":false,"showMaterialUpdate":false,"showSkybox":false,"showFlares":false,"showImageEffects":false,"showParticleSystems":false},"in2DMode":false,"pivot":{"x":1.780731201171875,"y":2.11083984375,"z":-1.32421875},"rotation":{"x":0.11821761727333069,"y":-0.009828577749431134,"z":0.0011700872564688326,"w":0.9929424524307251},"size":11.325267791748047,"orthographic":true}