{"cameraMode":{"drawMode":0,"name":"Shaded","section":"Shading Mode"},"sceneLighting":true,"audioPlay":false,"sceneViewState":{"showFog":true,"showMaterialUpdate":false,"showSkybox":false,"showFlares":true,"showImageEffects":true,"showParticleSystems":true},"in2DMode":false,"pivot":{"x":-0.4147387742996216,"y":-2.620535135269165,"z":8.748745918273926},"rotation":{"x":-0.14369745552539826,"y":0.03917599469423294,"z":-0.005693097598850727,"w":-0.9888333678245544},"size":18.12395477294922,"orthographic":false}