{"cameraMode":{"drawMode":0,"name":"Shaded","section":"Shading Mode"},"sceneLighting":true,"audioPlay":false,"sceneViewState":{"showFog":true,"showMaterialUpdate":false,"showSkybox":false,"showFlares":true,"showImageEffects":true,"showParticleSystems":true},"in2DMode":false,"pivot":{"x":-0.1962096393108368,"y":4.380738258361816,"z":-3.21846079826355},"rotation":{"x":-0.2597886621952057,"y":0.007819093763828278,"z":-0.002104791346937418,"w":-0.9656405448913574},"size":1.3176867961883546,"orthographic":false}