{"cameraMode":{"drawMode":0,"name":"Shaded","section":"Shading Mode"},"sceneLighting":false,"audioPlay":false,"sceneViewState":{"showFog":true,"showMaterialUpdate":true,"showSkybox":false,"showFlares":true,"showImageEffects":true,"showParticleSystems":true},"in2DMode":false,"pivot":{"x":0.047844305634498599,"y":0.6576359272003174,"z":-5.066394805908203e-7},"rotation":{"x":0.2407839149236679,"y":0.6118002533912659,"z":-0.20301243662834168,"w":0.7256169319152832},"size":2.4904110431671144,"orthographic":false}