{"cameraMode":{"drawMode":0,"name":"Shaded","section":"Shading Mode"},"sceneLighting":true,"audioPlay":false,"sceneViewState":{"showFog":true,"showMaterialUpdate":false,"showSkybox":false,"showFlares":true,"showImageEffects":true,"showParticleSystems":true},"in2DMode":false,"pivot":{"x":0.5290082693099976,"y":1.9723840951919556,"z":-0.04548192024230957},"rotation":{"x":0.10598283261060715,"y":-0.012829509563744069,"z":-0.0013686622260138393,"w":-0.9942929148674011},"size":3.3608486652374269,"orthographic":false}