{"cameraMode":{"drawMode":0,"name":"Shaded","section":"Shading Mode"},"sceneLighting":true,"audioPlay":false,"sceneViewState":{"showFog":true,"showMaterialUpdate":false,"showSkybox":false,"showFlares":true,"showImageEffects":true,"showParticleSystems":true},"in2DMode":false,"pivot":{"x":-6.462985992431641,"y":-0.610846757888794,"z":0.8689546585083008},"rotation":{"x":0.1411588042974472,"y":-0.24954749643802644,"z":0.036796558648347858,"w":0.9573134779930115},"size":14.988326072692871,"orthographic":false}