{"cameraMode":{"drawMode":0,"name":"Shaded","section":"Shading Mode"},"sceneLighting":true,"audioPlay":false,"sceneViewState":{"showFog":true,"showMaterialUpdate":true,"showSkybox":true,"showFlares":true,"showImageEffects":true,"showParticleSystems":true},"in2DMode":false,"pivot":{"x":-2.154571533203125,"y":0.6764261722564697,"z":5.213484764099121},"rotation":{"x":-0.09427973628044129,"y":0.0900670662522316,"z":-0.008572924882173539,"w":-0.9914365410804749},"size":17.82263946533203,"orthographic":false}