{"cameraMode":{"drawMode":0,"name":"Shaded","section":"Shading Mode"},"sceneLighting":true,"audioPlay":false,"sceneViewState":{"showFog":true,"showMaterialUpdate":false,"showSkybox":false,"showFlares":true,"showImageEffects":true,"showParticleSystems":true},"in2DMode":false,"pivot":{"x":-2.22607421875,"y":0.82080078125,"z":1.2314453125},"rotation":{"x":0.13241428136825562,"y":-0.037160713225603107,"z":0.004967904184013605,"w":0.9904882311820984},"size":8.203408241271973,"orthographic":true}