{"cameraMode":{"drawMode":0,"name":"Shaded","section":"Shading Mode"},"sceneLighting":true,"audioPlay":false,"sceneViewState":{"showFog":true,"showMaterialUpdate":true,"showSkybox":true,"showFlares":true,"showImageEffects":true,"showParticleSystems":true},"in2DMode":false,"pivot":{"x":-23.942188262939454,"y":100.48056030273438,"z":-5.9775896072387699},"rotation":{"x":0.057387154549360278,"y":0.6411861181259155,"z":-0.04817892611026764,"w":0.76372230052948},"size":12.13028621673584,"orthographic":false}