{"cameraMode":{"drawMode":0,"name":"Shaded","section":"Shading Mode"},"sceneLighting":false,"audioPlay":false,"sceneViewState":{"showFog":true,"showMaterialUpdate":true,"showSkybox":false,"showFlares":true,"showImageEffects":true,"showParticleSystems":true},"in2DMode":false,"pivot":{"x":0.2001636028289795,"y":-1.4024243354797364,"z":1.742114543914795},"rotation":{"x":-0.054465312510728839,"y":0.932007372379303,"z":-0.32173532247543337,"w":-0.15778423845767976},"size":9.603816986083985,"orthographic":false}