{"cameraMode":{"drawMode":0,"name":"Shaded","section":"Shading Mode"},"sceneLighting":false,"audioPlay":false,"sceneViewState":{"showFog":true,"showMaterialUpdate":true,"showSkybox":false,"showFlares":true,"showImageEffects":true,"showParticleSystems":true},"in2DMode":false,"pivot":{"x":3.4212942123413088,"y":0.25896787643432619,"z":-1.8343653678894044},"rotation":{"x":-0.418472558259964,"y":-0.044387731701135638,"z":0.02047695778310299,"w":-0.9069231748580933},"size":13.647719383239746,"orthographic":false}