{"cameraMode":{"drawMode":0,"name":"Shaded","section":"Shading Mode"},"sceneLighting":false,"audioPlay":false,"sceneViewState":{"showFog":true,"showMaterialUpdate":false,"showSkybox":false,"showFlares":true,"showImageEffects":true,"showParticleSystems":true},"in2DMode":false,"pivot":{"x":1.3957949876785279,"y":1.2397300004959107,"z":0.10336565971374512},"rotation":{"x":-0.008203462697565556,"y":0.989250123500824,"z":-0.061223071068525317,"w":-0.13255202770233155},"size":6.331157207489014,"orthographic":false}