{"cameraMode":{"drawMode":0,"name":"Shaded","section":"Shading Mode"},"sceneLighting":false,"audioPlay":false,"sceneViewState":{"showFog":true,"showMaterialUpdate":true,"showSkybox":true,"showFlares":true,"showImageEffects":true,"showParticleSystems":true},"in2DMode":false,"pivot":{"x":2.6678466796875,"y":1.857421875,"z":0.6416015625},"rotation":{"x":0.539912760257721,"y":-0.035328883677721027,"z":0.022689759731292726,"w":0.8406767845153809},"size":13.929845809936524,"orthographic":true}