{"cameraMode":{"drawMode":0,"name":"Shaded","section":"Shading Mode"},"sceneLighting":true,"audioPlay":false,"sceneViewState":{"showFog":true,"showMaterialUpdate":false,"showSkybox":false,"showFlares":true,"showImageEffects":true,"showParticleSystems":true},"in2DMode":false,"pivot":{"x":0.27530956268310549,"y":1.6655104160308838,"z":-1.0213465690612794},"rotation":{"x":0.02368793822824955,"y":-0.0039014562498778106,"z":-0.00009350802429253235,"w":-0.9997205138206482},"size":4.118605136871338,"orthographic":false}