{"cameraMode":{"drawMode":0,"name":"Shaded","section":"Shading Mode"},"sceneLighting":true,"audioPlay":false,"sceneViewState":{"showFog":true,"showMaterialUpdate":true,"showSkybox":true,"showFlares":true,"showImageEffects":true,"showParticleSystems":true},"in2DMode":false,"pivot":{"x":43.41777801513672,"y":511.9351501464844,"z":-11.75330924987793},"rotation":{"x":-0.1361912190914154,"y":0.5873024463653565,"z":-0.10103513300418854,"w":-0.7914257049560547},"size":34.76076126098633,"orthographic":false}