{"cameraMode":{"drawMode":0,"name":"Shaded","section":"Shading Mode"},"sceneLighting":false,"audioPlay":false,"sceneViewState":{"showFog":true,"showMaterialUpdate":false,"showSkybox":false,"showFlares":true,"showImageEffects":true,"showParticleSystems":true},"in2DMode":false,"pivot":{"x":-5.084434986114502,"y":0.1555628776550293,"z":8.381104469299317},"rotation":{"x":0.02368793822824955,"y":-0.0039014562498778106,"z":-0.00009350802429253235,"w":-0.9997205138206482},"size":22.0,"orthographic":false}