{"cameraMode":{"drawMode":0,"name":"Shaded","section":"Shading Mode"},"sceneLighting":true,"audioPlay":false,"sceneViewState":{"showFog":true,"showMaterialUpdate":true,"showSkybox":true,"showFlares":true,"showImageEffects":true,"showParticleSystems":true},"in2DMode":false,"pivot":{"x":-0.3862200975418091,"y":0.30352783203125,"z":8.516098976135254},"rotation":{"x":0.17084379494190217,"y":0.048751067370176318,"z":-0.008463617414236069,"w":0.9840564131736755},"size":18.55227279663086,"orthographic":false}