{"cameraMode":{"drawMode":0,"name":"Shaded","section":"Shading Mode"},"sceneLighting":true,"audioPlay":false,"sceneViewState":{"showFog":true,"showMaterialUpdate":true,"showSkybox":true,"showFlares":true,"showImageEffects":true,"showParticleSystems":true},"in2DMode":false,"pivot":{"x":1.005415916442871,"y":1.7233238220214844,"z":0.7869319915771484},"rotation":{"x":0.17699778079986573,"y":-0.21509060263633729,"z":0.03967226669192314,"w":0.9596066474914551},"size":22.0,"orthographic":false}