{"cameraMode":{"drawMode":0,"name":"Shaded","section":"Shading Mode"},"sceneLighting":false,"audioPlay":false,"sceneViewState":{"showFog":true,"showMaterialUpdate":false,"showSkybox":false,"showFlares":true,"showImageEffects":true,"showParticleSystems":true},"in2DMode":false,"pivot":{"x":-0.28623348474502566,"y":1.4278056621551514,"z":2.521620750427246},"rotation":{"x":-0.22629833221435548,"y":0.0166530292481184,"z":-0.003869463223963976,"w":-0.9739079475402832},"size":9.02617073059082,"orthographic":false}