{"cameraMode":{"drawMode":0,"name":"Shaded","section":"Shading Mode"},"sceneLighting":false,"audioPlay":false,"sceneViewState":{"showFog":true,"showMaterialUpdate":true,"showSkybox":false,"showFlares":true,"showImageEffects":true,"showParticleSystems":true},"in2DMode":false,"pivot":{"x":0.2989863157272339,"y":-2.549562931060791,"z":-1.3683481216430665},"rotation":{"x":0.010549874976277352,"y":0.9595701694488525,"z":-0.27894169092178347,"w":0.03628483787178993},"size":17.1103572845459,"orthographic":false}