{"cameraMode":{"drawMode":0,"name":"Shaded","section":"Shading Mode"},"sceneLighting":true,"audioPlay":false,"sceneViewState":{"showFog":true,"showMaterialUpdate":true,"showSkybox":true,"showFlares":true,"showImageEffects":true,"showParticleSystems":true},"in2DMode":false,"pivot":{"x":38.9004020690918,"y":-3.6820926666259767,"z":68.47079467773438},"rotation":{"x":0.2075819969177246,"y":-0.6565428972244263,"z":0.1951325237751007,"w":0.6984204053878784},"size":39.54105758666992,"orthographic":false}