{"cameraMode":{"drawMode":0,"name":"Shaded","section":"Shading Mode"},"sceneLighting":true,"audioPlay":false,"sceneViewState":{"showFog":true,"showMaterialUpdate":false,"showSkybox":false,"showFlares":true,"showImageEffects":true,"showParticleSystems":true},"in2DMode":false,"pivot":{"x":-1.8148393630981446,"y":2.740175724029541,"z":0.2118910551071167},"rotation":{"x":0.10416880249977112,"y":0.6035738587379456,"z":0.07994670420885086,"w":-0.7864311933517456},"size":4.256597518920898,"orthographic":false}