{"cameraMode":{"drawMode":0,"name":"Shaded","section":"Shading Mode"},"sceneLighting":true,"audioPlay":false,"sceneViewState":{"showFog":true,"showMaterialUpdate":false,"showSkybox":false,"showFlares":true,"showImageEffects":true,"showParticleSystems":true},"in2DMode":false,"pivot":{"x":0.03206346929073334,"y":1.7245094776153565,"z":-2.1858787536621095},"rotation":{"x":-0.07223692536354065,"y":0.017051996663212777,"z":-0.0012361680855974556,"w":-0.9972491264343262},"size":5.507573127746582,"orthographic":false}