{"cameraMode":{"drawMode":0,"name":"Shaded","section":"Shading Mode"},"sceneLighting":false,"audioPlay":false,"sceneViewState":{"showFog":true,"showMaterialUpdate":false,"showSkybox":false,"showFlares":true,"showImageEffects":true,"showParticleSystems":true},"in2DMode":false,"pivot":{"x":-0.999997615814209,"y":1.4000000953674317,"z":4.270132541656494},"rotation":{"x":-0.22629833221435548,"y":0.0166530292481184,"z":-0.003869463223963976,"w":-0.9739079475402832},"size":19.02894401550293,"orthographic":false}