{"cameraMode":{"drawMode":0,"name":"Shaded","section":"Shading Mode"},"sceneLighting":false,"audioPlay":false,"sceneViewState":{"showFog":true,"showMaterialUpdate":true,"showSkybox":false,"showFlares":true,"showImageEffects":true,"showParticleSystems":true},"in2DMode":false,"pivot":{"x":14.20777416229248,"y":-0.78125,"z":9.357071876525879},"rotation":{"x":0.13342466950416566,"y":0.6723008155822754,"z":-0.1250474750995636,"w":0.7173383831977844},"size":38.37356185913086,"orthographic":true}