{"cameraMode":{"drawMode":0,"name":"Shaded","section":"Shading Mode"},"sceneLighting":true,"audioPlay":false,"sceneViewState":{"showFog":true,"showMaterialUpdate":true,"showSkybox":true,"showFlares":true,"showImageEffects":true,"showParticleSystems":true},"in2DMode":false,"pivot":{"x":13.452363967895508,"y":8.761463165283204,"z":18.0284366607666},"rotation":{"x":0.3279426395893097,"y":0.11860394477844238,"z":-0.041542381048202518,"w":0.9363110661506653},"size":54.8323974609375,"orthographic":false}