{"cameraMode":{"drawMode":0,"name":"Shaded","section":"Shading Mode"},"sceneLighting":true,"audioPlay":false,"sceneViewState":{"showFog":true,"showMaterialUpdate":true,"showSkybox":true,"showFlares":true,"showImageEffects":true,"showParticleSystems":true},"in2DMode":false,"pivot":{"x":-1.519556999206543,"y":2.659036159515381,"z":0.7647929191589356},"rotation":{"x":0.047488998621702197,"y":0.6288615465164185,"z":0.03852856159210205,"w":-0.7751219868659973},"size":11.367330551147461,"orthographic":false}