{"cameraMode":{"drawMode":0,"name":"Shaded","section":"Shading Mode"},"sceneLighting":true,"audioPlay":false,"sceneViewState":{"showFog":true,"showMaterialUpdate":true,"showSkybox":true,"showFlares":true,"showImageEffects":true,"showParticleSystems":true},"in2DMode":false,"pivot":{"x":9.088836669921875,"y":109.35752868652344,"z":7.220861434936523},"rotation":{"x":0.2912067472934723,"y":-0.00861003715544939,"z":0.0026208239141851665,"w":0.956619143486023},"size":30.915849685668947,"orthographic":false}