{"cameraMode":{"drawMode":0,"name":"Shaded","section":"Shading Mode"},"sceneLighting":false,"audioPlay":false,"sceneViewState":{"showFog":true,"showMaterialUpdate":true,"showSkybox":false,"showFlares":true,"showImageEffects":true,"showParticleSystems":true},"in2DMode":false,"pivot":{"x":1.7499985694885255,"y":2.2759790420532228,"z":4.499999046325684},"rotation":{"x":0.2407839149236679,"y":0.6118002533912659,"z":-0.20301243662834168,"w":0.7256169319152832},"size":56.51372528076172,"orthographic":false}