{"cameraMode":{"drawMode":0,"name":"Shaded","section":"Shading Mode"},"sceneLighting":false,"audioPlay":false,"sceneViewState":{"showFog":true,"showMaterialUpdate":false,"showSkybox":false,"showFlares":true,"showImageEffects":true,"showParticleSystems":true},"in2DMode":false,"pivot":{"x":1.668249487876892,"y":4.5390625,"z":1.3699233531951905},"rotation":{"x":0.3922522962093353,"y":0.23451603949069978,"z":-0.10413762181997299,"w":0.8833449482917786},"size":13.278482437133789,"orthographic":true}