{"cameraMode":{"drawMode":0,"name":"Shaded","section":"Shading Mode"},"sceneLighting":true,"audioPlay":false,"sceneViewState":{"showFog":true,"showMaterialUpdate":false,"showSkybox":false,"showFlares":true,"showImageEffects":true,"showParticleSystems":true},"in2DMode":false,"pivot":{"x":-0.2522883117198944,"y":1.223921775817871,"z":-0.6228008270263672},"rotation":{"x":-0.19097848236560822,"y":0.03885741904377937,"z":-0.007567260880023241,"w":-0.9808036088943481},"size":10.228854179382325,"orthographic":false}