{"cameraMode":{"drawMode":0,"name":"Shaded","section":"Shading Mode"},"sceneLighting":true,"audioPlay":false,"sceneViewState":{"showFog":true,"showMaterialUpdate":true,"showSkybox":true,"showFlares":true,"showImageEffects":true,"showParticleSystems":true},"in2DMode":false,"pivot":{"x":18.170265197753908,"y":-1.0585250854492188,"z":10.751083374023438},"rotation":{"x":-0.418472558259964,"y":-0.044387731701135638,"z":0.02047695778310299,"w":-0.9069231748580933},"size":32.340450286865237,"orthographic":false}