{"cameraMode":{"drawMode":0,"name":"Shaded","section":"Shading Mode"},"sceneLighting":false,"audioPlay":false,"sceneViewState":{"showFog":true,"showMaterialUpdate":true,"showSkybox":false,"showFlares":true,"showImageEffects":true,"showParticleSystems":true},"in2DMode":false,"pivot":{"x":2.4455204010009767,"y":3.2104854583740236,"z":4.567593574523926},"rotation":{"x":0.2407839149236679,"y":0.6118002533912659,"z":-0.20301243662834168,"w":0.7256169319152832},"size":40.94280242919922,"orthographic":false}