{"cameraMode":{"drawMode":0,"name":"Shaded","section":"Shading Mode"},"sceneLighting":true,"audioPlay":false,"sceneViewState":{"showFog":true,"showMaterialUpdate":true,"showSkybox":true,"showFlares":true,"showImageEffects":true,"showParticleSystems":true},"in2DMode":false,"pivot":{"x":49.17900085449219,"y":-13.946017265319825,"z":69.85437774658203},"rotation":{"x":0.2407839149236679,"y":0.6118002533912659,"z":-0.20301243662834168,"w":0.7256169319152832},"size":33.486270904541019,"orthographic":false}