{"cameraMode":{"drawMode":0,"name":"Shaded","section":"Shading Mode"},"sceneLighting":true,"audioPlay":false,"sceneViewState":{"showFog":true,"showMaterialUpdate":false,"showSkybox":false,"showFlares":true,"showImageEffects":true,"showParticleSystems":true},"in2DMode":false,"pivot":{"x":-5.084434986114502,"y":0.1555628776550293,"z":8.381104469299317},"rotation":{"x":-0.0898246243596077,"y":0.19939230382442475,"z":-0.018357878550887109,"w":-0.9756249189376831},"size":14.317920684814454,"orthographic":false}