{"cameraMode":{"drawMode":0,"name":"Shaded","section":"Shading Mode"},"sceneLighting":true,"audioPlay":false,"sceneViewState":{"showFog":true,"showMaterialUpdate":true,"showSkybox":true,"showFlares":true,"showImageEffects":true,"showParticleSystems":true},"in2DMode":false,"pivot":{"x":34.298736572265628,"y":20.32470703125,"z":10.559605598449707},"rotation":{"x":0.5110100507736206,"y":0.010314950719475747,"z":-0.006133136805146933,"w":0.8594999313354492},"size":131.58645629882813,"orthographic":false}