{"cameraMode":{"drawMode":0,"name":"Shaded","section":"Shading Mode"},"sceneLighting":true,"audioPlay":false,"sceneViewState":{"showFog":true,"showMaterialUpdate":false,"showSkybox":false,"showFlares":true,"showImageEffects":true,"showParticleSystems":true},"in2DMode":false,"pivot":{"x":-0.37791234254837038,"y":-0.4117588996887207,"z":1.829324722290039},"rotation":{"x":-0.11848131567239762,"y":0.028888346627354623,"z":-0.003449685638770461,"w":-0.9925384521484375},"size":10.78083610534668,"orthographic":false}